period,rung,n,qlike,rmse_ln,mz_r2,DM vs R0,DM vs R0c,DM vs R0b,DM vs R1,DM vs R2_A
validation,R0 GJR raw,369,0.33939983312416466,0.9428762460465229,0.06880372702151988,,,,,
validation,R0c GJR calibrated,369,0.30416692047747773,0.8360455714547396,0.07733352195556167,-3.33 (p=0.001),,,,
validation,R0b +HAR +market,369,0.3094691701358938,0.8571184169439297,0.07931937581164637,,+0.74 (p=0.456),,,
validation,R1 +attention,369,0.30046694701177074,0.8423926597636081,0.09069816126498513,,,-0.77 (p=0.440),,
validation,R2_A +sentiment(A),369,0.3116112018268922,0.8580459041445354,0.07754655095272307,,,+0.18 (p=0.859),+1.59 (p=0.111),
validation,R2_C +sentiment(C),369,0.3163897740304518,0.8626430955970787,0.07634897728431096,,,+0.56 (p=0.578),,+0.68 (p=0.497)
validation,P1 placebo (shuffled attention),369,0.31036674960336996,0.8591867102421876,0.08158855787089908,,,+0.82 (p=0.415),,
test,R0 GJR raw,548,0.439765659310319,0.9871945394579441,0.08630208266517313,,,,,
test,R0c GJR calibrated,548,0.4551164433684097,0.9099745915742264,0.07803856450880964,+0.96 (p=0.335),,,,
test,R0b +HAR +market,548,0.4377226807310559,0.8992878554558306,0.09690765759283677,,-0.94 (p=0.348),,,
test,R1 +attention,548,0.42734057940718473,0.8893384498220761,0.11197617032735036,,,-0.81 (p=0.419),,
test,R2_A +sentiment(A),548,0.43228297139900346,0.8869211606252868,0.10963586408273915,,,-0.37 (p=0.710),+1.02 (p=0.310),
test,R2_C +sentiment(C),548,0.43312517245705173,0.890119202973024,0.10631793303502117,,,-0.31 (p=0.756),,+0.41 (p=0.681)
test,P1 placebo (shuffled attention),548,0.43781121662338224,0.9005574058875696,0.09534788973840624,,,+0.11 (p=0.912),,
test · results days,R0 GJR raw,20,0.7783950283544273,0.9941785170625889,0.0024541782888021055,,,,,
test · results days,R0c GJR calibrated,20,1.0514638090486728,1.0739182296875507,0.0001062608152524615,+2.67 (p=0.008),,,,
test · results days,R0b +HAR +market,20,1.118293573508419,1.081178682521496,0.0035974196556514395,,+1.56 (p=0.118),,,
test · results days,R1 +attention,20,0.5165011943488553,0.9851791817752296,0.004495899062150405,,,-2.34 (p=0.019),,
test · results days,R2_A +sentiment(A),20,0.5089259663001584,0.98113612855409,0.004794603527767241,,,-2.35 (p=0.019),-0.57 (p=0.572),
test · results days,R2_C +sentiment(C),20,0.5020852200225031,0.9823942683063437,0.005105342727649621,,,-2.32 (p=0.020),,-0.36 (p=0.716)
test · results days,P1 placebo (shuffled attention),20,1.1252088036243133,1.0858835869150423,0.001543051720402861,,,+0.55 (p=0.581),,
test · no-news days,R0 GJR raw,130,0.5102799651735631,1.0390946515995014,0.05558518164395205,,,,,
test · no-news days,R0c GJR calibrated,130,0.5359716880156121,0.9604084264401901,0.051508377313314216,+0.57 (p=0.571),,,,
test · no-news days,R0b +HAR +market,130,0.4643803992845909,0.9376928058353575,0.08387896118533067,,-1.03 (p=0.303),,,
test · no-news days,R1 +attention,130,0.48117364727013806,0.9243806086105864,0.08359469970618799,,,+1.15 (p=0.249),,
test · no-news days,R2_A +sentiment(A),130,0.4862042083636498,0.9138681091383961,0.09385409005009697,,,+0.96 (p=0.337),+0.48 (p=0.630),
test · no-news days,R2_C +sentiment(C),130,0.4899666512039214,0.9187238509534497,0.08663910930259666,,,+1.05 (p=0.293),,+1.37 (p=0.170)
test · no-news days,P1 placebo (shuffled attention),130,0.46280443599430116,0.9381414945952867,0.08330645156111655,,,-0.91 (p=0.362),,
